Iteration,Test Accuracy,Balanced Accuracy,Loss
1,0.8641,0.7871,0.7134197950363159
2,0.8696,0.7687,0.616313099861145
3,0.882,0.789,0.710628867149353
4,0.866,0.781,0.749143123626709
5,0.8703,0.7686,0.6152842044830322
6,0.8673,0.7766,0.7373296022415161
7,0.8817,0.798,0.6627275347709656
8,0.8582,0.7711,0.7220723032951355
9,0.8683,0.7933,0.7464205622673035
10,0.8683,0.7986,0.7152287364006042
