Iteration,Test Accuracy,Balanced Accuracy,Loss
1,0.867,0.7991,0.624140202999115
2,0.8651,0.7737,0.6587914824485779
3,0.8713,0.7817,0.6331971883773804
4,0.8592,0.7787,0.6590495109558105
5,0.8709,0.7826,0.5388934016227722
6,0.8569,0.7692,0.7116115093231201
7,0.8739,0.7971,0.6186307668685913
8,0.8693,0.7894,0.6873947978019714
9,0.866,0.7883,0.6812349557876587
10,0.8631,0.7872,0.608159601688385
