Iteration,Test Accuracy,Balanced Accuracy,Test Loss
1,0.8142,0.7204,0.6371771668394407
2,0.7793,0.6518,0.7058127795656522
3,0.8083,0.6819,0.6695438673098882
4,0.8012,0.6769,0.7128634278972944
5,0.793,0.6743,0.6819864772260189
6,0.7881,0.683,0.684065913160642
7,0.8126,0.7125,0.6450969874858856
8,0.7969,0.7044,0.6949931060274442
9,0.7917,0.6836,0.70915104697148
10,0.7907,0.6873,0.6802378110587597
