Iteration,Test Accuracy,Balanced Accuracy,Loss
1,0.8569,0.7748,0.5609242916107178
2,0.867,0.7685,0.5804237127304077
3,0.8735,0.7875,0.5828543901443481
4,0.868,0.768,0.5981839895248413
5,0.8729,0.7793,0.5504937171936035
6,0.8651,0.7708,0.600130021572113
7,0.881,0.8008,0.533401608467102
8,0.8677,0.7851,0.5781826972961426
9,0.8582,0.7738,0.5927174091339111
10,0.8667,0.7969,0.5785791277885437
