Iteration,Test Accuracy,Balanced Accuracy,Loss
1,0.8556,0.77,0.57840895652771
2,0.8677,0.7914,0.9041275978088379
3,0.8654,0.7807,0.8870661854743958
4,0.8677,0.7783,0.9081186056137085
5,0.8722,0.8032,0.8903524279594421
6,0.8651,0.7668,0.8926541209220886
7,0.8605,0.7675,0.9015259146690369
8,0.8634,0.7895,0.8954424262046814
9,0.8507,0.7864,0.9591045379638672
10,0.8641,0.7862,0.8956135511398315
