Iteration,Test Accuracy,Balanced Accuracy,Loss
1,0.8774,0.8103,0.6393185469011465
2,0.8804,0.799,0.6608341448009014
3,0.8755,0.7999,0.6840131605664889
4,0.8683,0.7706,0.735013651351134
5,0.8758,0.7841,0.6668699582417806
6,0.8709,0.78,0.6646878918011984
7,0.8849,0.7886,0.6182941471536955
8,0.8664,0.7865,0.7112526496251425
9,0.8787,0.799,0.6977899447083473
10,0.8654,0.7767,0.7134266421198845
